-- phpMyAdmin SQL Dump
-- version 4.6.6deb5ubuntu0.5
-- https://www.phpmyadmin.net/
--
-- Host: localhost:3306
-- Generation Time: Apr 23, 2021 at 05:49 PM
-- Server version: 5.7.33-0ubuntu0.18.04.1
-- PHP Version: 7.2.24-0ubuntu0.18.04.7

SET SQL_MODE = "NO_AUTO_VALUE_ON_ZERO";
SET time_zone = "+00:00";


/*!40101 SET @OLD_CHARACTER_SET_CLIENT=@@CHARACTER_SET_CLIENT */;
/*!40101 SET @OLD_CHARACTER_SET_RESULTS=@@CHARACTER_SET_RESULTS */;
/*!40101 SET @OLD_COLLATION_CONNECTION=@@COLLATION_CONNECTION */;
/*!40101 SET NAMES utf8mb4 */;

--
-- Database: `forum`
--

-- --------------------------------------------------------

--
-- Table structure for table `commentaires`
--

CREATE TABLE `commentaires` (
  `id` int(11) NOT NULL,
  `commentaire` text NOT NULL,
  `id_utilisateur` int(11) NOT NULL,
  `id_message` int(11) NOT NULL,
  `date` timestamp NULL DEFAULT CURRENT_TIMESTAMP
) ENGINE=MyISAM DEFAULT CHARSET=utf8mb4;

--
-- Dumping data for table `commentaires`
--

INSERT INTO `commentaires` (`id`, `commentaire`, `id_utilisateur`, `id_message`, `date`) VALUES
(1, 'Ecrivez un commentanioi', 1, 22, '2021-01-21 11:38:32'),
(2, 'Ecrivez un commentanioi', 1, 9, '2021-01-21 11:38:32'),
(3, 'Ecrivez un comKOPKOPKOPQmentaire...', 1, 22, '2021-01-21 12:55:55'),
(4, 'Ecrivez un comKOPKOPKOPQmentaire...', 1, 9, '2021-01-21 12:55:55'),
(5, 'Ecrivez un commentaire...GYUGYUO', 1, 22, '2021-01-21 12:58:57'),
(6, 'Ca va marscher\r\n', 1, 9, '2021-01-21 12:59:32'),
(7, 'test', 1, 22, '2021-01-21 13:04:50'),
(8, 'test', 1, 22, '2021-01-21 13:05:42'),
(9, 'Ecrivez un comuohmentaire...', 1, 22, '2021-01-21 13:11:45'),
(10, 'Ecrivez un comuohmentaire...', 1, 22, '2021-01-21 13:14:28'),
(11, 'Ecrivez un comuohmentaire...', 1, 22, '2021-01-21 13:14:48'),
(12, 'Ecrivez un comuohmentaire...', 1, 22, '2021-01-21 13:15:37'),
(13, 'Ecrivez un comuohmentaire...', 1, 22, '2021-01-21 13:16:30'),
(14, 'Ecrivez un comuohmentaire...', 1, 22, '2021-01-21 13:17:13'),
(15, 'Ecrivez un commentaire...jgygio', 1, 22, '2021-01-21 13:33:37'),
(16, ',k,lk,lkl,l,', 1, 18, '2021-01-21 20:57:28'),
(17, ',k,lk,lkl,l,', 1, 18, '2021-01-21 20:57:40'),
(18, 'Le soir on dort', 1, 19, '2021-01-21 21:07:34'),
(19, 'pffff', 1, 19, '2021-01-21 21:08:47'),
(20, 'mi', 1, 19, '2021-01-21 21:10:05'),
(21, ',kl,lk,lmq', 1, 20, '2021-01-21 22:11:23'),
(22, 'J\'aime ton message', 1, 24, '2021-01-22 11:50:37'),
(23, 'jdmjpojapo', 1, 17, '2021-01-22 12:36:19'),
(24, 'njiomjiop', 1, 15, '2021-01-22 12:43:17'),
(25, 'HIUHUP', 1, 66, '2021-01-23 07:55:33'),
(26, 'JIOJOPIJP', 1, 66, '2021-01-23 07:55:45'),
(27, 'message de merde', 3, 82, '2021-01-23 10:00:14'),
(28, 'Un sourire coûte moins cher que l’électricité, mais donne autant de lumière.  Abbé Pierre', 3, 85, '2021-01-23 13:14:52'),
(29, 'test de 19h09', 2, 79, '2021-01-23 18:09:51'),
(30, '’ai fait un pas immense le jour où j’ai compris que j’étais seul à entretenir mes souffrances Jacques Salomé', 2, 64, '2021-01-23 18:13:04'),
(31, 'Elle découvrait également que chaque livre l\'entraînait vers d\'autres livres, que les portes ne cessaient de s\'ouvrir, quels que soient les chemins empruntés, et que les journées n\'étaient pas assez longues pour lire autant qu\'elle l\'aurait voulu.', 2, 86, '2021-01-23 18:15:08'),
(32, 'Elle découvrait également que chaque livre l\'entraînait vers d\'autres livres, que les portes ne cessaient de s\'ouvrir, quels que soient les chemins empruntés, et que les journées n\'étaient pas assez longues pour lire autant qu\'elle l\'aurait voulu.', 2, 86, '2021-01-23 18:18:18'),
(33, 'La nuit paraît courte dans le plaisir, les veilles semblent longues dans la solitude.', 2, 86, '2021-01-23 19:11:41'),
(34, 'La nuit paraît courte dans le plaisir, les veilles semblent longues dans la solitude.', 2, 86, '2021-01-23 19:13:28'),
(35, 'La nuit paraît courte dans le plaisir, les veilles semblent longues dans la solitude.', 2, 86, '2021-01-23 19:15:11'),
(36, '“En te levant le matin, rappelle-toi combien précieux est le privilège de vivre, de respirer, d\'être heureux.”', 1, 78, '2021-01-24 00:03:19'),
(37, 'La violation des règles publiques n\'est (...) pas commise par l\'ego intime, mais est dictée par ces mêmes règles publiques qui se trouvent ainsi redoublées.', 1, 89, '2021-01-24 00:11:13'),
(38, 'La violation des règles publiques n\'est (...) pas commise par l\'ego intime, mais est dictée par ces mêmes règles publiques qui se trouvent ainsi redoublées.', 1, 91, '2021-01-24 00:15:47'),
(39, '$message->date', 1, 103, '2021-01-24 20:47:18'),
(40, 'jdjsmdjmq', 1, 103, '2021-01-24 20:52:22'),
(41, 'essais', 1, 86, '2021-01-24 21:43:09'),
(42, 'fdjipj^per', 1, 68, '2021-01-25 09:39:52'),
(43, 'kopkgeoùq', 1, 76, '2021-01-25 09:40:24'),
(44, 'Woaaw', 1, 68, '2021-01-25 09:47:46'),
(45, 'jiojiopjoîj', 1, 64, '2021-01-25 14:30:51'),
(46, 'Un peu répétitif quand meme', 1, 83, '2021-01-25 20:45:32'),
(47, 'kopkp', 1, 68, '2021-01-26 07:58:03'),
(48, 'nouihhhhh', 3, 3, '2021-01-26 10:28:32'),
(49, 'huiohioho', 1, 3, '2021-01-26 10:37:51'),
(50, 'dojdsoippq', 1, 3, '2021-01-26 11:20:04'),
(51, 'oijoiho', 1, 3, '2021-01-26 11:20:18'),
(52, 'buihbipu', 1, 3, '2021-01-26 11:20:50'),
(53, 'buihbipu', 1, 111, '2021-01-26 11:21:38'),
(54, 'nojoijp', 1, 111, '2021-01-26 11:21:48'),
(55, 'jiojiôj', 1, 116, '2021-01-26 12:55:42'),
(56, 'JIODSJIOPFEZJOÄ', 1, 120, '2021-01-26 13:10:58'),
(57, 'HIUHUILHL', 1, 112, '2021-01-26 19:48:47'),
(58, 'nuoiup', 1, 68, '2021-01-27 00:14:31'),
(59, 'nuoiup', 1, 68, '2021-01-27 00:20:39'),
(60, 'J\'aimerais avoir accès au forum', 1, 128, '2021-01-28 08:31:09');

-- --------------------------------------------------------

--
-- Table structure for table `conversations`
--

CREATE TABLE `conversations` (
  `id` int(11) NOT NULL,
  `titre` varchar(255) NOT NULL,
  `id_topic` int(11) NOT NULL,
  `id_message` int(11) NOT NULL DEFAULT '0',
  `id_utilisateur` int(11) NOT NULL,
  `date` timestamp NOT NULL DEFAULT CURRENT_TIMESTAMP
) ENGINE=MyISAM DEFAULT CHARSET=utf8mb4;

--
-- Dumping data for table `conversations`
--

INSERT INTO `conversations` (`id`, `titre`, `id_topic`, `id_message`, `id_utilisateur`, `date`) VALUES
(61, 'TEST', 3, 86, 1, '2021-01-22 21:07:07'),
(109, 'Nouvelle conversation', 11, 134, 1, '2021-02-24 13:10:40'),
(92, 'Namespace', 3, 83, 3, '2021-01-23 10:01:59'),
(91, 'Vérification des merges', 3, 82, 3, '2021-01-23 09:59:38'),
(87, 'bistrot', 3, 61, 1, '2021-01-23 01:04:04'),
(107, 'prive', 10, 131, 4, '2021-01-27 10:14:46'),
(89, 'Test du samedi', 3, 110, 3, '2021-01-23 08:31:19'),
(88, 'Ca marche', 3, 62, 1, '2021-01-23 01:08:10'),
(106, 'Des boucles dans des boucles', 11, 0, 1, '2021-01-27 09:44:56'),
(110, 'obaoba', 11, 135, 10, '2021-04-23 15:19:14');

-- --------------------------------------------------------

--
-- Table structure for table `dislike`
--

CREATE TABLE `dislike` (
  `id` int(11) NOT NULL,
  `id_utilisateur` int(11) NOT NULL,
  `id_message` int(11) NOT NULL,
  `id_conversation` int(11) NOT NULL,
  `id_topic` int(11) NOT NULL
) ENGINE=MyISAM DEFAULT CHARSET=utf8mb4;

--
-- Dumping data for table `dislike`
--

INSERT INTO `dislike` (`id`, `id_utilisateur`, `id_message`, `id_conversation`, `id_topic`) VALUES
(134, 1, 133, 109, 11),
(119, 1, 88, 89, 0),
(135, 10, 135, 110, 11),
(123, 1, 66, 61, 0),
(130, 1, 89, 89, 3),
(133, 1, 126, 105, 11);

-- --------------------------------------------------------

--
-- Table structure for table `droits`
--

CREATE TABLE `droits` (
  `id` int(11) NOT NULL,
  `nom` varchar(255) NOT NULL
) ENGINE=MyISAM DEFAULT CHARSET=utf8mb4;

--
-- Dumping data for table `droits`
--

INSERT INTO `droits` (`id`, `nom`) VALUES
(1, 'utilisateur'),
(200, 'admin'),
(100, 'moderateur');

-- --------------------------------------------------------

--
-- Table structure for table `likes`
--

CREATE TABLE `likes` (
  `id` int(11) NOT NULL,
  `id_utilisateur` int(11) NOT NULL,
  `id_message` int(11) NOT NULL,
  `id_conversation` int(11) NOT NULL,
  `id_topic` int(11) NOT NULL
) ENGINE=MyISAM DEFAULT CHARSET=utf8mb4;

--
-- Dumping data for table `likes`
--

INSERT INTO `likes` (`id`, `id_utilisateur`, `id_message`, `id_conversation`, `id_topic`) VALUES
(190, 1, 78, 89, 0),
(192, 1, 63, 61, 0),
(193, 1, 64, 61, 0),
(195, 1, 86, 61, 0),
(209, 1, 131, 107, 10),
(210, 1, 128, 107, 10);

-- --------------------------------------------------------

--
-- Table structure for table `messages`
--

CREATE TABLE `messages` (
  `id` int(11) NOT NULL,
  `message` text NOT NULL,
  `like` int(11) NOT NULL DEFAULT '0',
  `dislike` int(11) NOT NULL DEFAULT '0',
  `id_conversation` int(11) NOT NULL,
  `id_topic` int(11) NOT NULL,
  `id_utilisateurs` int(11) NOT NULL,
  `date` timestamp NOT NULL DEFAULT CURRENT_TIMESTAMP
) ENGINE=MyISAM DEFAULT CHARSET=utf8mb4;

--
-- Dumping data for table `messages`
--

INSERT INTO `messages` (`id`, `message`, `like`, `dislike`, `id_conversation`, `id_topic`, `id_utilisateurs`, `date`) VALUES
(134, 'je ne sais pas', 0, 0, 109, 11, 1, '2021-02-24 13:11:13'),
(133, 'ok', 0, 0, 109, 11, 1, '2021-02-24 13:10:40'),
(65, 'On test encore et encore', 0, 0, 61, 0, 1, '2021-01-23 01:21:50'),
(64, 'On test encore et encore', 0, 0, 61, 0, 1, '2021-01-23 01:20:38'),
(63, 'On test encore et encore', 0, 0, 61, 0, 1, '2021-01-23 01:19:46'),
(62, 'ou pas,  on espere que oui', 0, 0, 88, 0, 1, '2021-01-23 01:08:10'),
(68, 'On continue d\'ameliorer les fonctionnalités', 0, 0, 89, 0, 3, '2021-01-23 08:31:19'),
(82, 'bip biop', 0, 0, 91, 0, 3, '2021-01-23 10:00:00'),
(83, 'NamespaceNamespaceNamespaceNamespaceNamespaceNamespaceNamespaceNamespaceNamespaceNamespaceNamespaceNamespaceNamespaceNamespaceNamespaceNamespaceNamespaceNamespaceNamespaceNamespaceNamespace', 0, 0, 92, 0, 3, '2021-01-23 10:01:59'),
(81, 'Vérification qu\'il n\'y a aucun bug après les merges', 0, 0, 91, 0, 3, '2021-01-23 09:59:38'),
(80, 'Vérification qu\'il n\'y a aucun bug après les merges', 0, 0, 90, 0, 3, '2021-01-23 09:55:04'),
(78, 'TEST DE 10h', 0, 0, 89, 0, 3, '2021-01-23 09:33:05'),
(130, 'Apparemment, tout marche bien.', 0, 0, 108, 10, 1, '2021-01-27 23:30:46'),
(76, 'TEST DE 10h', 0, 0, 89, 0, 3, '2021-01-23 08:59:39'),
(135, 'c\'est l\'obaoba', 0, 0, 110, 11, 10, '2021-04-23 15:19:14'),
(84, 'LES 4 ANCRAGES DE LA VIE: Apprendre à s’aimer avec bienveillance, Apprendre à se respecter, Apprendre à se responsabiliser, Apprendre à être fidèle à soi. Jacques Salomé', 0, 0, 61, 0, 3, '2021-01-23 12:25:54'),
(85, 'LES 4 ANCRAGES DE LA VIE: Apprendre à s’aimer avec bienveillance, Apprendre à se respecter, Apprendre à se responsabiliser, Apprendre à être fidèle à soi. Jacques Salomé', 0, 0, 61, 0, 3, '2021-01-23 12:26:31'),
(86, 'J’ai un côté rigolo qui me sauve de tout, mais j’ai aussi un côté très sombre et grave qui fait que, quand je plonge, je plonge. La différence est que, durant de longues années, ma plongée pouvait durer des mois et que, maintenant, je suis capable de rebondir au bout de deux jours. Je me dis que la vie est lumineuse et qu’on a la chance d’avoir plusieurs vies dans une vie !\r\n', 0, 0, 61, 0, 2, '2021-01-23 18:14:34'),
(87, 'Citation Vie & Lumiere\r\n50 ans ont passés. 50 longues années depuis mon premier message. Quand je repense à ce que j\'ai dit il y a un demi-siècle, quand je repense à tous mes espoirs et à tous mes rêves de jeunes hommes, une [...] ► Lire la suite', 0, 0, 93, 0, 2, '2021-01-23 19:41:12'),
(88, 'La violation des règles publiques n\'est (...) pas commise par l\'ego intime, mais est dictée par ces mêmes règles publiques qui se trouvent ainsi redoublées.', 0, 0, 89, 0, 1, '2021-01-24 00:10:15'),
(89, 'La violation des règles publiques n\'est (...) pas commise par l\'ego intime, mais est dictée par ces mêmes règles publiques qui se trouvent ainsi redoublées.\r\n', 0, 0, 89, 0, 1, '2021-01-24 00:10:24'),
(90, 'La violation des règles publiques n\'est (...) pas commise par l\'ego intime, mais est dictée par ces mêmes règles publiques qui se trouvent ainsi redoublées.', 0, 0, 89, 0, 1, '2021-01-24 00:11:39'),
(91, 'La violation des règles publiques n\'est (...) pas commise par l\'ego intime, mais est dictée par ces mêmes règles publiques qui se trouvent ainsi redoublées.', 0, 0, 89, 0, 1, '2021-01-24 00:13:09'),
(92, 'La date marche t elle?', 0, 0, 89, 0, 1, '2021-01-24 12:12:31'),
(93, 'La date marche t elle?', 0, 0, 89, 0, 1, '2021-01-24 12:16:01'),
(94, 'La date marche t elle?', 0, 0, 89, 0, 1, '2021-01-24 12:16:47'),
(95, 'La date marche t elle?', 0, 0, 89, 0, 1, '2021-01-24 12:17:25'),
(96, 'La date marche t elle?', 0, 0, 89, 0, 1, '2021-01-24 12:18:18'),
(97, 'La date marche t elle?', 0, 0, 89, 0, 1, '2021-01-24 12:19:08'),
(98, 'La date marche t elle?', 0, 0, 89, 0, 1, '2021-01-24 12:20:45'),
(99, '19h43', 0, 0, 89, 0, 1, '2021-01-24 18:43:04'),
(100, '19h51', 0, 0, 89, 0, 1, '2021-01-24 18:51:33'),
(101, 'test qui devrait reussir', 0, 0, 89, 0, 1, '2021-01-24 20:01:03'),
(102, 'test qui devrait reussir', 0, 0, 89, 0, 1, '2021-01-24 20:04:06'),
(103, 'test qui devrait reussir', 0, 0, 89, 0, 1, '2021-01-24 20:04:25'),
(104, ' La vie est une ivresse continuelle : le plaisir passe, le mal de tête reste. \r\n', 0, 0, 89, 0, 1, '2021-01-24 21:27:50'),
(105, ' La vie est une ivresse continuelle : le plaisir passe, le mal de tête reste. \r\n', 0, 0, 89, 0, 1, '2021-01-24 21:27:55'),
(106, ' La vie est une ivresse continuelle : le plaisir passe, le mal de tête reste. \r\n', 0, 0, 89, 0, 1, '2021-01-24 21:28:01'),
(107, ' La vie est une ivresse continuelle : le plaisir passe, le mal de tête reste. \r\n', 0, 0, 89, 0, 1, '2021-01-24 21:28:09'),
(108, ' La vie est une ivresse continuelle : le plaisir passe, le mal de tête reste. \r\n', 0, 0, 89, 0, 1, '2021-01-24 21:28:15'),
(109, ' La vie est une ivresse continuelle : le plaisir passe, le mal de tête reste. \r\n', 0, 0, 89, 0, 1, '2021-01-24 21:30:17'),
(110, ' La vie est une ivresse continuelle : le plaisir passe, le mal de tête reste. \r\n', 0, 0, 89, 0, 1, '2021-01-24 21:30:33'),
(111, 'Qu\'en pensez-vous ?', 0, 0, 94, 0, 1, '2021-01-25 09:49:39'),
(128, 'ne pas rentrer', 0, 0, 107, 10, 4, '2021-01-27 10:14:46'),
(114, 'parce que le covid est dangereux pour les personnes agées', 0, 0, 94, 0, 1, '2021-01-26 11:22:45'),
(115, ',ifjerioâjiofjzôf', 0, 0, 97, 7, 1, '2021-01-26 12:50:36'),
(116, 'biuhbpiuhiphi', 0, 0, 98, 7, 1, '2021-01-26 12:50:58'),
(117, 'huhhuophpuhp', 0, 0, 98, 7, 1, '2021-01-26 12:55:25'),
(118, 'bla bla bla', 0, 0, 99, 7, 1, '2021-01-26 13:01:20'),
(119, 'effectivement un grand discours', 0, 0, 99, 7, 1, '2021-01-26 13:01:37'),
(120, 'c\'est de la merde', 0, 0, 100, 8, 1, '2021-01-26 13:10:44'),
(121, 'DJJDIOJÖC', 0, 0, 100, 8, 1, '2021-01-26 13:10:54'),
(122, 'NamespaceNamespaceNamespaceNamespaceNamespaceNamespaceNamespaceNamespaceNamespaceNamespaceNamespaceNamespaceNamespace', 0, 0, 101, 8, 1, '2021-01-26 14:49:50'),
(123, 'LAJCIJPRP%QP%KP%', 0, 0, 102, 9, 1, '2021-01-26 14:52:52'),
(124, 'NamespaceNamespaceNamespaceNamespaceNamespaceNamespaceNamespaceNamespaceNamespaceNamespace', 0, 0, 103, 9, 1, '2021-01-26 14:56:28'),
(125, 'ggzgtg', 0, 0, 104, 9, 1, '2021-01-26 14:58:34'),
(129, 'dc,o,oropjieoap', 0, 0, 107, 10, 4, '2021-01-27 10:15:00'),
(131, 'Même si je ne sais pas trop en quoi je pourrais contribuer aux discussions', 0, 0, 107, 10, 1, '2021-01-28 08:31:53');

-- --------------------------------------------------------

--
-- Table structure for table `topic`
--

CREATE TABLE `topic` (
  `id` int(11) NOT NULL,
  `titre` varchar(255) NOT NULL,
  `description` varchar(255) NOT NULL,
  `id_createur` varchar(255) NOT NULL,
  `id_droits` int(11) NOT NULL,
  `date` timestamp NOT NULL DEFAULT CURRENT_TIMESTAMP
) ENGINE=MyISAM DEFAULT CHARSET=utf8mb4;

--
-- Dumping data for table `topic`
--

INSERT INTO `topic` (`id`, `titre`, `description`, `id_createur`, `id_droits`, `date`) VALUES
(11, 'prive topic', 'prive topic', '1', 1, '2021-01-27 09:44:37'),
(3, 'test', 'test test test test esst es', '2', 1, '2021-01-22 18:34:22'),
(10, 'PHP', 'on test', '1', 0, '2021-01-26 23:10:03');

-- --------------------------------------------------------

--
-- Table structure for table `utilisateurs`
--

CREATE TABLE `utilisateurs` (
  `id` int(11) NOT NULL,
  `login` varchar(255) NOT NULL,
  `nom` varchar(255) NOT NULL,
  `prenom` varchar(255) NOT NULL,
  `mail` varchar(255) NOT NULL,
  `password` varchar(255) NOT NULL,
  `id_droits` int(11) NOT NULL,
  `date` timestamp NOT NULL DEFAULT CURRENT_TIMESTAMP
) ENGINE=MyISAM DEFAULT CHARSET=utf8mb4;

--
-- Dumping data for table `utilisateurs`
--

INSERT INTO `utilisateurs` (`id`, `login`, `nom`, `prenom`, `mail`, `password`, `id_droits`, `date`) VALUES
(1, 'Manu', 'Cabassot', 'Manouelle', 'emmanu.cabassot@laplateforme.io', '$2y$10$VY8GaF0nDq8fDXYvsLr3ieRBac9084veBCiWn.0Ek5N2xOJxPGSDa', 200, '2021-01-12 22:25:23'),
(2, 'Olive', 'Puche', 'Olivier', 'olivier.puche@laplateforme.io', '$2y$10$kMyjwWvB1ZJ9TwzkQgLZdOHN.2j7mBauED6YolKwisR.YdJeRSE72', 100, '2021-01-12 22:40:05'),
(3, 'Fabino', 'Tenorio', 'Fabio', 'fabio.tenorio@laplateforme.io', '$2y$10$2I22etbziDLfx1Sqn6hvyOKRA.pqVABqlqwb0HaEeeVJOmf4UmJDO', 200, '2021-01-12 22:57:27'),
(4, 'admin', 'admin', 'admin', 'admin@gmail.com', '$2y$10$0r/D9pUZuvGXbFPbVQAsNOCmZWVBL.gVv7/3YVrx0pMG3CzFN4UGy', 1, '2021-01-13 11:20:05'),
(5, 'John', 'Doe', 'John', 'John@gmail.com', '$2y$10$ksveUFFX8v9.tN0Lg1VwxuYTAYlRZASgfMdKBRTvDiXP1GDdtasTu', 1, '2021-01-13 12:01:59'),
(6, 'bibi', 'bios', 'jiojoim', 'emm@gmaill.com', '$2y$10$Xh7EKwi025yb.1wrDH/Y0O978wViczReqkMqf4q4Y99ud10W68CAe', 1, '2021-01-13 12:20:46'),
(7, 'Bise', 'John', 'jiojoim', 'emmanuel.cabassot@laplateforme.io', '$2y$10$89/SfWObkE8kfm3bfM.RdeWKNHOaZgo/miHPyFKhteB/K8BIOtH2u', 1, '2021-01-13 12:24:58'),
(8, 'pp', 'John', 'jiojoim', 'emmanuel.cabassot@laplateforme.io', '$2y$10$Gdk121.1Ha/Nkecq3/tbY.mRq/.Gxn3ohWTnATsWcsyBRO21sntHq', 1, '2021-01-13 12:28:41'),
(9, 'Manuu', 'john', 'jiojoim', 'huoijhoij@gmail.com', '$2y$10$lxW9XiTduOaJlcIGvBtIYuPSloqbbJF/9MJUWk7DJ.jbuACGKvKYq', 1, '2021-01-22 08:42:49'),
(10, 'fabio', 'tenorio', 'fabio', 'fabio@gmail.com', '$2y$10$.nInKlO11g0Zw6C.UhIfk.p2jGUEfKA4iK5stcR4zJIH6zxN.tzTa', 1, '2021-04-23 15:18:21');

-- --------------------------------------------------------

--
-- Table structure for table `vues`
--

CREATE TABLE `vues` (
  `id` int(11) NOT NULL,
  `id_topic` int(11) NOT NULL,
  `id_conversation` int(11) NOT NULL
) ENGINE=MyISAM DEFAULT CHARSET=utf8mb4;

--
-- Dumping data for table `vues`
--

INSERT INTO `vues` (`id`, `id_topic`, `id_conversation`) VALUES
(20, 3, 37),
(19, 3, 51),
(18, 3, 51),
(17, 3, 51),
(16, 3, 37),
(15, 3, 42),
(14, 3, 42),
(13, 3, 42),
(12, 3, 37),
(24, 3, 59),
(25, 3, 59),
(26, 3, 59),
(27, 3, 59),
(28, 3, 61),
(29, 3, 61),
(30, 3, 61),
(31, 3, 61),
(32, 3, 61),
(33, 3, 61),
(34, 3, 61),
(35, 3, 61),
(36, 3, 61),
(37, 3, 88),
(38, 3, 61),
(39, 3, 87),
(40, 3, 61),
(41, 3, 61),
(42, 3, 61),
(43, 3, 61),
(44, 3, 61),
(45, 3, 61),
(46, 3, 61),
(47, 3, 61),
(48, 3, 61),
(49, 3, 61),
(50, 3, 61),
(51, 3, 61),
(52, 3, 61),
(53, 3, 61),
(54, 3, 89),
(55, 3, 89),
(56, 3, 89),
(57, 3, 89),
(58, 3, 89),
(59, 3, 89),
(60, 3, 89),
(61, 3, 89),
(62, 3, 89),
(63, 3, 89),
(64, 3, 89),
(65, 3, 89),
(66, 3, 89),
(67, 3, 89),
(68, 3, 89),
(69, 3, 89),
(70, 3, 89),
(71, 3, 61),
(72, 3, 61),
(73, 3, 61),
(74, 3, 91),
(75, 3, 91),
(76, 3, 91),
(77, 3, 91),
(78, 3, 91),
(79, 3, 61),
(80, 3, 92),
(81, 3, 92),
(82, 3, 92),
(83, 3, 92),
(84, 3, 92),
(85, 3, 92),
(86, 3, 91),
(87, 3, 91),
(88, 3, 91),
(89, 3, 91),
(90, 3, 91),
(91, 3, 91),
(92, 3, 91),
(93, 3, 91),
(94, 3, 91),
(95, 3, 91),
(96, 3, 91),
(97, 3, 91),
(98, 3, 91),
(99, 3, 91),
(100, 3, 91),
(101, 3, 91),
(102, 3, 91),
(103, 3, 91),
(104, 3, 91),
(105, 3, 91),
(106, 3, 91),
(107, 3, 91),
(108, 3, 91),
(109, 3, 91),
(110, 3, 91),
(111, 3, 91),
(112, 3, 91),
(113, 3, 91),
(114, 3, 91),
(115, 3, 91),
(116, 3, 91),
(117, 3, 91),
(118, 3, 91),
(119, 3, 61),
(120, 3, 61),
(121, 3, 61),
(122, 3, 61),
(123, 3, 61),
(124, 3, 61),
(125, 3, 61),
(126, 3, 61),
(127, 3, 61),
(128, 3, 61),
(129, 3, 61),
(130, 3, 61),
(131, 3, 61),
(132, 3, 61),
(133, 3, 61),
(134, 3, 61),
(135, 3, 61),
(136, 3, 61),
(137, 3, 61),
(138, 3, 61),
(139, 3, 61),
(140, 3, 61),
(141, 3, 61),
(142, 3, 61),
(143, 3, 61),
(144, 3, 61),
(145, 3, 61),
(146, 3, 61),
(147, 3, 61),
(148, 3, 61),
(149, 3, 61),
(150, 3, 61),
(151, 3, 61),
(152, 3, 61),
(153, 3, 61),
(154, 3, 61),
(155, 3, 61),
(156, 3, 61),
(157, 3, 61),
(158, 3, 61),
(159, 3, 61),
(160, 3, 61),
(161, 3, 61),
(162, 3, 61),
(163, 3, 61),
(164, 3, 61),
(165, 3, 61),
(166, 3, 61),
(167, 3, 61),
(168, 3, 61),
(169, 3, 61),
(170, 3, 61),
(171, 3, 61),
(172, 3, 61),
(173, 3, 61),
(174, 3, 61),
(175, 3, 61),
(176, 3, 61),
(177, 3, 61),
(178, 3, 61),
(179, 3, 61),
(180, 3, 61),
(181, 3, 61),
(182, 3, 61),
(183, 3, 61),
(184, 3, 61),
(185, 3, 61),
(186, 3, 61),
(187, 3, 61),
(188, 3, 61),
(189, 3, 61),
(190, 3, 61),
(191, 3, 61),
(192, 3, 61),
(193, 3, 61),
(194, 3, 61),
(195, 3, 61),
(196, 3, 61),
(197, 3, 61),
(198, 3, 61),
(199, 3, 61),
(200, 3, 61),
(201, 3, 61),
(202, 3, 61),
(203, 3, 61),
(204, 3, 61),
(205, 3, 61),
(206, 3, 61),
(207, 3, 61),
(208, 3, 61),
(209, 3, 61),
(210, 3, 61),
(211, 3, 61),
(212, 3, 61),
(213, 3, 61),
(214, 3, 61),
(215, 3, 61),
(216, 3, 61),
(217, 3, 61),
(218, 3, 61),
(219, 3, 61),
(220, 3, 61),
(221, 3, 61),
(222, 3, 61),
(223, 3, 61),
(224, 3, 61),
(225, 3, 61),
(226, 3, 61),
(227, 3, 61),
(228, 3, 61),
(229, 3, 61),
(230, 3, 61),
(231, 3, 61),
(232, 3, 61),
(233, 3, 61),
(234, 3, 61),
(235, 3, 61),
(236, 3, 61),
(237, 3, 61),
(238, 3, 61),
(239, 3, 61),
(240, 3, 61),
(241, 3, 61),
(242, 3, 61),
(243, 3, 61),
(244, 3, 61),
(245, 3, 61),
(246, 3, 61),
(247, 3, 61),
(248, 3, 61),
(249, 3, 61),
(250, 3, 61),
(251, 3, 61),
(252, 3, 61),
(253, 3, 61),
(254, 3, 61),
(255, 3, 61),
(256, 3, 61),
(257, 3, 61),
(258, 3, 61),
(259, 3, 61),
(260, 3, 61),
(261, 3, 61),
(262, 3, 61),
(263, 3, 61),
(264, 3, 61),
(265, 3, 61),
(266, 3, 61),
(267, 3, 61),
(268, 3, 61),
(269, 3, 61),
(270, 3, 61),
(271, 3, 61),
(272, 3, 61),
(273, 3, 61),
(274, 3, 61),
(275, 3, 61),
(276, 3, 61),
(277, 3, 61),
(278, 3, 61),
(279, 3, 61),
(280, 3, 61),
(281, 3, 61),
(282, 3, 61),
(283, 3, 61),
(284, 3, 61),
(285, 3, 61),
(286, 3, 61),
(287, 3, 61),
(288, 3, 61),
(289, 3, 61),
(290, 3, 61),
(291, 3, 61),
(292, 3, 61),
(293, 3, 61),
(294, 3, 61),
(295, 3, 61),
(296, 3, 61),
(297, 3, 61),
(298, 3, 61),
(299, 3, 61),
(300, 3, 61),
(301, 3, 61),
(302, 3, 61),
(303, 3, 61),
(304, 3, 61),
(305, 3, 61),
(306, 3, 61),
(307, 3, 61),
(308, 3, 61),
(309, 3, 61),
(310, 3, 61),
(311, 3, 61),
(312, 3, 61),
(313, 3, 61),
(314, 3, 61),
(315, 3, 61),
(316, 3, 61),
(317, 3, 61),
(318, 3, 61),
(319, 3, 61),
(320, 3, 61),
(321, 3, 61),
(322, 3, 61),
(323, 3, 61),
(324, 3, 61),
(325, 3, 61),
(326, 3, 61),
(327, 3, 61),
(328, 3, 61),
(329, 3, 61),
(330, 3, 61),
(331, 3, 61),
(332, 3, 61),
(333, 3, 61),
(334, 3, 61),
(335, 3, 61),
(336, 3, 61),
(337, 3, 61),
(338, 3, 61),
(339, 3, 61),
(340, 3, 61),
(341, 3, 61),
(342, 3, 61),
(343, 3, 61),
(344, 3, 61),
(345, 3, 61),
(346, 3, 61),
(347, 3, 61),
(348, 3, 61),
(349, 3, 61),
(350, 3, 61),
(351, 3, 61),
(352, 3, 61),
(353, 3, 61),
(354, 3, 61),
(355, 3, 61),
(356, 3, 61),
(357, 3, 61),
(358, 3, 61),
(359, 3, 61),
(360, 3, 61),
(361, 3, 61),
(362, 3, 61),
(363, 3, 61),
(364, 3, 61),
(365, 3, 61),
(366, 3, 61),
(367, 3, 61),
(368, 3, 61),
(369, 3, 61),
(370, 3, 61),
(371, 3, 61),
(372, 3, 61),
(373, 3, 61),
(374, 3, 61),
(375, 3, 61),
(376, 3, 61),
(377, 3, 61),
(378, 3, 61),
(379, 3, 61),
(380, 3, 61),
(381, 3, 61),
(382, 3, 61),
(383, 3, 61),
(384, 3, 61),
(385, 3, 61),
(386, 3, 61),
(387, 3, 61),
(388, 3, 61),
(389, 3, 61),
(390, 3, 61),
(391, 3, 61),
(392, 3, 61),
(393, 3, 61),
(394, 3, 61),
(395, 3, 61),
(396, 3, 61),
(397, 3, 61),
(398, 3, 61),
(399, 3, 61),
(400, 3, 61),
(401, 3, 61),
(402, 3, 61),
(403, 3, 61),
(404, 3, 61),
(405, 3, 61),
(406, 3, 61),
(407, 3, 61),
(408, 3, 61),
(409, 3, 61),
(410, 3, 61),
(411, 3, 61),
(412, 3, 61),
(413, 3, 61),
(414, 3, 61),
(415, 3, 61),
(416, 3, 61),
(417, 3, 61),
(418, 3, 61),
(419, 3, 61),
(420, 3, 61),
(421, 3, 61),
(422, 3, 61),
(423, 3, 61),
(424, 3, 61),
(425, 3, 61),
(426, 3, 61),
(427, 3, 61),
(428, 3, 61),
(429, 3, 61),
(430, 3, 61),
(431, 3, 61),
(432, 3, 61),
(433, 3, 61),
(434, 3, 61),
(435, 3, 61),
(436, 3, 61),
(437, 3, 61),
(438, 3, 61),
(439, 3, 61),
(440, 3, 61),
(441, 3, 61),
(442, 3, 61),
(443, 3, 61),
(444, 3, 61),
(445, 3, 61),
(446, 3, 61),
(447, 3, 61),
(448, 3, 61),
(449, 3, 61),
(450, 3, 61),
(451, 3, 61),
(452, 3, 61),
(453, 3, 61),
(454, 3, 61),
(455, 3, 61),
(456, 3, 61),
(457, 3, 61),
(458, 3, 61),
(459, 3, 61),
(460, 3, 61),
(461, 3, 61),
(462, 3, 61),
(463, 3, 61),
(464, 3, 61),
(465, 3, 61),
(466, 3, 61),
(467, 3, 61),
(468, 3, 61),
(469, 3, 61),
(470, 3, 61),
(471, 3, 61),
(472, 3, 61),
(473, 3, 61),
(474, 3, 61),
(475, 3, 61),
(476, 3, 61),
(477, 3, 61),
(478, 3, 61),
(479, 3, 61),
(480, 3, 61),
(481, 3, 61),
(482, 3, 61),
(483, 3, 61),
(484, 3, 61),
(485, 3, 61),
(486, 3, 61),
(487, 3, 61),
(488, 3, 61),
(489, 3, 61),
(490, 3, 61),
(491, 3, 61),
(492, 3, 61),
(493, 3, 61),
(494, 3, 61),
(495, 3, 61),
(496, 3, 61),
(497, 3, 61),
(498, 3, 61),
(499, 3, 61),
(500, 3, 61),
(501, 3, 61),
(502, 3, 61),
(503, 3, 61),
(504, 3, 61),
(505, 3, 61),
(506, 3, 61),
(507, 3, 61),
(508, 3, 61),
(509, 3, 61),
(510, 3, 61),
(511, 3, 61),
(512, 3, 61),
(513, 3, 61),
(514, 3, 61),
(515, 3, 61),
(516, 3, 61),
(517, 3, 61),
(518, 3, 61),
(519, 3, 61),
(520, 3, 61),
(521, 3, 61),
(522, 3, 61),
(523, 3, 61),
(524, 3, 61),
(525, 3, 61),
(526, 3, 61),
(527, 3, 61),
(528, 3, 61),
(529, 3, 61),
(530, 3, 61),
(531, 3, 61),
(532, 3, 61),
(533, 3, 61),
(534, 3, 61),
(535, 3, 61),
(536, 3, 61),
(537, 3, 61),
(538, 3, 61),
(539, 3, 61),
(540, 3, 61),
(541, 3, 61),
(542, 3, 61),
(543, 3, 61),
(544, 3, 61),
(545, 3, 61),
(546, 3, 61),
(547, 3, 61),
(548, 3, 61),
(549, 3, 61),
(550, 3, 61),
(551, 3, 61),
(552, 3, 61),
(553, 3, 61),
(554, 3, 61),
(555, 3, 61),
(556, 3, 61),
(557, 3, 61),
(558, 3, 61),
(559, 3, 61),
(560, 3, 61),
(561, 3, 61),
(562, 3, 61),
(563, 3, 61),
(564, 3, 61),
(565, 3, 61),
(566, 3, 61),
(567, 3, 61),
(568, 3, 61),
(569, 3, 61),
(570, 3, 61),
(571, 3, 61),
(572, 3, 61),
(573, 3, 61),
(574, 3, 61),
(575, 3, 89),
(576, 3, 89),
(577, 3, 89),
(578, 3, 89),
(579, 3, 89),
(580, 3, 89),
(581, 3, 89),
(582, 3, 89),
(583, 3, 89),
(584, 3, 89),
(585, 3, 89),
(586, 3, 89),
(587, 3, 89),
(588, 3, 89),
(589, 3, 89),
(590, 3, 89),
(591, 3, 89),
(592, 3, 89),
(593, 3, 89),
(594, 3, 89),
(595, 3, 89),
(596, 3, 89),
(597, 3, 89),
(598, 3, 89),
(599, 3, 89),
(600, 3, 89),
(601, 3, 89),
(602, 3, 89),
(603, 3, 89),
(604, 3, 89),
(605, 3, 89),
(606, 3, 89),
(607, 3, 89),
(608, 3, 61),
(609, 3, 61),
(610, 3, 61),
(611, 3, 61),
(612, 3, 61),
(613, 3, 61),
(614, 3, 61),
(615, 3, 61),
(616, 3, 61),
(617, 3, 61),
(618, 3, 61),
(619, 3, 61),
(620, 3, 61),
(621, 3, 61),
(622, 3, 61),
(623, 3, 61),
(624, 3, 89),
(625, 3, 89),
(626, 3, 89),
(627, 3, 89),
(628, 3, 89),
(629, 3, 89),
(630, 3, 89),
(631, 3, 89),
(632, 3, 89),
(633, 3, 89),
(634, 3, 89),
(635, 3, 89),
(636, 3, 89),
(637, 3, 89),
(638, 3, 89),
(639, 3, 89),
(640, 3, 89),
(641, 3, 89),
(642, 3, 89),
(643, 3, 89),
(644, 3, 89),
(645, 3, 89),
(646, 3, 89),
(647, 3, 89),
(648, 3, 89),
(649, 3, 89),
(650, 3, 89),
(651, 3, 89),
(652, 3, 89),
(653, 3, 89),
(654, 3, 89),
(655, 3, 89),
(656, 3, 89),
(657, 3, 89),
(658, 3, 89),
(659, 3, 89),
(660, 3, 89),
(661, 3, 89),
(662, 3, 89),
(663, 3, 89),
(664, 3, 89),
(665, 3, 89),
(666, 3, 89),
(667, 3, 89),
(668, 3, 89),
(669, 3, 89),
(670, 3, 89),
(671, 3, 89),
(672, 3, 89),
(673, 3, 89),
(674, 3, 89),
(675, 3, 89),
(676, 3, 89),
(677, 3, 89),
(678, 3, 89),
(679, 3, 89),
(680, 3, 89),
(681, 3, 89),
(682, 3, 89),
(683, 3, 89),
(684, 3, 89),
(685, 3, 89),
(686, 3, 61),
(687, 3, 61),
(688, 3, 61),
(689, 3, 61),
(690, 3, 61),
(691, 3, 61),
(692, 3, 61),
(693, 3, 61),
(694, 3, 61),
(695, 3, 61),
(696, 3, 61),
(697, 3, 61),
(698, 3, 61),
(699, 3, 61),
(700, 3, 89),
(701, 3, 89),
(702, 3, 89),
(703, 3, 89),
(704, 3, 89),
(705, 3, 89),
(706, 3, 89),
(707, 3, 89),
(708, 3, 89),
(709, 3, 89),
(710, 3, 89),
(711, 3, 89),
(712, 3, 89),
(713, 3, 89),
(714, 3, 89),
(715, 3, 89),
(716, 3, 89),
(717, 3, 89),
(718, 3, 89),
(719, 3, 89),
(720, 3, 89),
(721, 3, 89),
(722, 3, 89),
(723, 3, 89),
(724, 3, 89),
(725, 3, 89),
(726, 3, 89),
(727, 3, 89),
(728, 3, 89),
(729, 3, 89),
(730, 3, 89),
(731, 3, 89),
(732, 3, 89),
(733, 3, 89),
(734, 3, 89),
(735, 3, 89),
(736, 3, 89),
(737, 3, 89),
(738, 3, 89),
(739, 3, 89),
(740, 3, 89),
(741, 3, 89),
(742, 3, 89),
(743, 3, 89),
(744, 3, 89),
(745, 3, 89),
(746, 3, 89),
(747, 3, 89),
(748, 3, 89),
(749, 3, 89),
(750, 3, 89),
(751, 3, 89),
(752, 3, 89),
(753, 3, 89),
(754, 3, 89),
(755, 3, 89),
(756, 3, 89),
(757, 3, 89),
(758, 3, 89),
(759, 3, 89),
(760, 3, 89),
(761, 3, 89),
(762, 3, 89),
(763, 3, 89),
(764, 3, 89),
(765, 3, 89),
(766, 3, 61),
(767, 3, 61),
(768, 3, 61),
(769, 3, 61),
(770, 3, 61),
(771, 3, 61),
(772, 3, 61),
(773, 3, 61),
(774, 3, 89),
(775, 3, 89),
(776, 3, 89),
(777, 3, 89),
(778, 3, 89),
(779, 3, 61),
(780, 3, 61),
(781, 3, 89),
(782, 3, 89),
(783, 3, 89),
(786, 3, 89),
(787, 3, 89),
(788, 3, 89),
(789, 3, 89),
(790, 3, 89),
(791, 3, 89),
(792, 3, 89),
(793, 3, 61),
(794, 3, 61),
(795, 3, 89),
(796, 3, 89),
(797, 3, 89),
(798, 3, 89),
(799, 3, 89),
(800, 3, 89),
(801, 3, 89),
(802, 3, 89),
(803, 3, 89),
(804, 3, 89),
(805, 3, 89),
(806, 3, 89),
(807, 3, 89),
(808, 3, 89),
(809, 3, 89),
(810, 3, 89),
(811, 3, 89),
(812, 3, 89),
(813, 3, 89),
(814, 3, 89),
(815, 3, 89),
(816, 3, 89),
(820, 3, 89),
(821, 3, 89),
(822, 3, 89),
(823, 3, 89),
(824, 3, 89),
(825, 3, 89),
(826, 3, 89),
(827, 3, 89),
(828, 3, 89),
(829, 3, 89),
(830, 3, 89),
(831, 3, 89),
(832, 3, 89),
(833, 3, 89),
(834, 3, 89),
(835, 3, 89),
(836, 3, 89),
(837, 3, 89),
(838, 3, 89),
(839, 3, 89),
(840, 3, 89),
(841, 3, 89),
(842, 3, 89),
(843, 3, 89),
(844, 3, 89),
(845, 3, 89),
(846, 3, 89),
(847, 3, 89),
(848, 3, 89),
(849, 3, 89),
(850, 3, 89),
(851, 3, 89),
(852, 3, 89),
(853, 3, 89),
(854, 3, 89),
(855, 3, 89),
(856, 3, 89),
(857, 3, 89),
(858, 3, 89),
(859, 3, 89),
(860, 3, 89),
(861, 3, 89),
(862, 3, 89),
(863, 3, 89),
(864, 3, 89),
(865, 3, 89),
(866, 3, 89),
(867, 3, 89),
(868, 3, 89),
(869, 3, 89),
(870, 3, 89),
(871, 3, 89),
(872, 3, 89),
(873, 3, 89),
(874, 3, 89),
(875, 3, 61),
(876, 3, 89),
(877, 3, 89),
(878, 3, 61),
(879, 3, 61),
(880, 3, 61),
(881, 3, 61),
(882, 3, 61),
(883, 3, 61),
(884, 3, 61),
(885, 3, 61),
(886, 3, 61),
(887, 3, 61),
(888, 3, 61),
(889, 3, 61),
(890, 3, 61),
(891, 3, 61),
(892, 3, 61),
(893, 3, 61),
(894, 3, 61),
(895, 3, 61),
(896, 3, 61),
(897, 3, 61),
(898, 3, 61),
(899, 3, 61),
(900, 3, 61),
(901, 3, 61),
(902, 3, 89),
(903, 3, 89),
(904, 3, 89),
(905, 3, 89),
(906, 3, 89),
(907, 3, 89),
(908, 3, 89),
(909, 3, 89),
(910, 3, 89),
(911, 3, 89),
(912, 3, 89),
(913, 3, 89),
(914, 3, 89),
(915, 3, 89),
(916, 3, 89),
(917, 3, 89),
(918, 3, 89),
(919, 3, 89),
(920, 3, 89),
(921, 3, 89),
(922, 3, 89),
(923, 3, 89),
(924, 3, 89),
(925, 3, 89),
(926, 3, 89),
(927, 3, 89),
(928, 3, 89),
(929, 3, 92),
(930, 3, 61),
(931, 3, 61),
(932, 3, 89),
(933, 3, 61),
(934, 3, 92),
(935, 3, 92),
(936, 3, 92),
(937, 3, 92),
(938, 3, 92),
(939, 3, 92),
(940, 3, 92),
(941, 3, 92),
(942, 3, 92),
(943, 3, 92),
(944, 3, 92),
(945, 3, 92),
(946, 3, 92),
(947, 3, 89),
(948, 3, 87),
(949, 3, 87),
(950, 3, 61),
(951, 3, 61),
(952, 3, 61),
(953, 3, 61),
(954, 3, 61),
(955, 3, 61),
(956, 3, 61),
(957, 3, 89),
(958, 3, 89),
(959, 3, 61),
(960, 3, 61),
(961, 3, 61),
(962, 3, 61),
(963, 3, 61),
(964, 3, 61),
(965, 3, 61),
(966, 3, 91),
(967, 3, 89),
(968, 3, 89),
(969, 3, 89),
(970, 3, 89),
(971, 3, 89),
(972, 3, 89),
(973, 3, 89),
(974, 3, 89),
(975, 3, 89),
(976, 3, 87),
(977, 3, 89),
(978, 3, 89),
(979, 3, 89),
(980, 3, 89),
(981, 3, 89),
(982, 3, 89),
(983, 3, 89),
(984, 3, 89),
(985, 3, 89),
(986, 3, 89),
(1096, 3, 89),
(1098, 3, 89),
(1102, 3, 89),
(1101, 3, 89),
(1104, 3, 89),
(1095, 3, 61),
(1105, 3, 89),
(1099, 3, 89),
(1100, 3, 89),
(1094, 3, 61),
(1097, 3, 89),
(1103, 3, 89),
(1106, 3, 89),
(1107, 3, 89),
(1108, 3, 89),
(1109, 3, 89),
(1110, 3, 89),
(1111, 3, 89),
(1112, 3, 89),
(1113, 3, 89),
(1114, 3, 89),
(1115, 3, 89),
(1116, 3, 89),
(1117, 3, 89),
(1118, 3, 89),
(1119, 3, 89),
(1120, 3, 89),
(1121, 3, 89),
(1122, 3, 89),
(1123, 3, 89),
(1124, 3, 89),
(1125, 3, 89),
(1126, 3, 89),
(1127, 3, 89),
(1128, 3, 89),
(1129, 3, 89),
(1130, 3, 89),
(1131, 3, 89),
(1132, 3, 89),
(1133, 3, 89),
(1134, 3, 89),
(1135, 3, 89),
(1136, 3, 89),
(1137, 3, 89),
(1138, 3, 89),
(1139, 3, 89),
(1140, 3, 89),
(1141, 3, 89),
(1142, 3, 89),
(1143, 3, 89),
(1144, 3, 89),
(1145, 3, 89),
(1146, 3, 89),
(1147, 3, 89),
(1148, 3, 89),
(1149, 3, 89),
(1150, 3, 89),
(1151, 3, 89),
(1152, 3, 89),
(1153, 3, 89),
(1154, 3, 89),
(1155, 3, 89),
(1156, 3, 89),
(1157, 3, 89),
(1158, 10, 105),
(1159, 10, 105),
(1160, 10, 105),
(1161, 10, 105),
(1162, 10, 105),
(1163, 10, 105),
(1164, 10, 105),
(1165, 10, 105),
(1166, 10, 105),
(1167, 10, 105),
(1168, 10, 105),
(1169, 3, 89),
(1170, 3, 89),
(1171, 3, 89),
(1172, 3, 89),
(1173, 3, 89),
(1174, 3, 89),
(1175, 10, 105),
(1176, 10, 105),
(1177, 3, 89),
(1178, 3, 89),
(1179, 3, 89),
(1180, 3, 89),
(1181, 3, 89),
(1182, 3, 89),
(1183, 3, 89),
(1184, 3, 89),
(1185, 3, 89),
(1186, 3, 89),
(1187, 3, 89),
(1188, 3, 89),
(1189, 3, 89),
(1190, 3, 89),
(1191, 3, 89),
(1192, 3, 89),
(1193, 3, 89),
(1194, 3, 89),
(1195, 3, 89),
(1196, 3, 89),
(1197, 3, 89),
(1198, 3, 89),
(1199, 3, 89),
(1200, 3, 89),
(1201, 3, 89),
(1202, 3, 89),
(1203, 3, 89),
(1204, 3, 89),
(1205, 3, 89),
(1206, 3, 89),
(1207, 3, 89),
(1208, 3, 89),
(1209, 3, 89),
(1210, 3, 89),
(1211, 3, 89),
(1212, 3, 89),
(1213, 3, 89),
(1214, 3, 89),
(1215, 3, 89),
(1216, 3, 89),
(1217, 3, 61),
(1218, 3, 61),
(1219, 3, 61),
(1220, 11, 105),
(1221, 11, 105),
(1222, 3, 89),
(1223, 3, 89),
(1224, 3, 89),
(1225, 3, 89),
(1226, 10, 107),
(1227, 10, 107),
(1228, 10, 107),
(1229, 10, 107),
(1230, 10, 107),
(1231, 11, 105),
(1232, 10, 107),
(1233, 11, 105),
(1234, 11, 105),
(1235, 11, 105),
(1236, 11, 105),
(1237, 11, 105),
(1238, 11, 105),
(1239, 11, 105),
(1240, 11, 105),
(1241, 11, 105),
(1242, 11, 105),
(1243, 11, 105),
(1244, 11, 105),
(1245, 11, 105),
(1246, 10, 107),
(1247, 3, 89),
(1248, 3, 89),
(1249, 3, 89),
(1250, 3, 89),
(1251, 3, 89),
(1252, 3, 89),
(1253, 3, 89),
(1257, 10, 107),
(1256, 10, 107),
(1258, 10, 107),
(1259, 10, 107),
(1260, 10, 107),
(1261, 10, 107),
(1262, 10, 107),
(1263, 10, 107),
(1264, 10, 107),
(1265, 3, 89),
(1266, 10, 107),
(1267, 3, 89),
(1268, 3, 89),
(1269, 3, 89),
(1270, 10, 107),
(1271, 10, 107),
(1272, 10, 107),
(1273, 10, 107),
(1274, 10, 107),
(1275, 10, 107),
(1276, 3, 87),
(1277, 3, 87),
(1278, 3, 87),
(1279, 3, 87),
(1280, 3, 89),
(1281, 3, 89),
(1282, 11, 109),
(1283, 11, 109),
(1284, 11, 109),
(1285, 11, 109),
(1286, 11, 110),
(1287, 11, 110),
(1288, 11, 110),
(1289, 11, 110),
(1290, 11, 109),
(1291, 11, 109);

--
-- Indexes for dumped tables
--

--
-- Indexes for table `commentaires`
--
ALTER TABLE `commentaires`
  ADD PRIMARY KEY (`id`);

--
-- Indexes for table `conversations`
--
ALTER TABLE `conversations`
  ADD PRIMARY KEY (`id`);

--
-- Indexes for table `dislike`
--
ALTER TABLE `dislike`
  ADD PRIMARY KEY (`id`);

--
-- Indexes for table `likes`
--
ALTER TABLE `likes`
  ADD PRIMARY KEY (`id`);

--
-- Indexes for table `messages`
--
ALTER TABLE `messages`
  ADD PRIMARY KEY (`id`);

--
-- Indexes for table `topic`
--
ALTER TABLE `topic`
  ADD PRIMARY KEY (`id`);

--
-- Indexes for table `utilisateurs`
--
ALTER TABLE `utilisateurs`
  ADD PRIMARY KEY (`id`);

--
-- Indexes for table `vues`
--
ALTER TABLE `vues`
  ADD PRIMARY KEY (`id`);

--
-- AUTO_INCREMENT for dumped tables
--

--
-- AUTO_INCREMENT for table `commentaires`
--
ALTER TABLE `commentaires`
  MODIFY `id` int(11) NOT NULL AUTO_INCREMENT, AUTO_INCREMENT=61;
--
-- AUTO_INCREMENT for table `conversations`
--
ALTER TABLE `conversations`
  MODIFY `id` int(11) NOT NULL AUTO_INCREMENT, AUTO_INCREMENT=111;
--
-- AUTO_INCREMENT for table `dislike`
--
ALTER TABLE `dislike`
  MODIFY `id` int(11) NOT NULL AUTO_INCREMENT, AUTO_INCREMENT=136;
--
-- AUTO_INCREMENT for table `likes`
--
ALTER TABLE `likes`
  MODIFY `id` int(11) NOT NULL AUTO_INCREMENT, AUTO_INCREMENT=213;
--
-- AUTO_INCREMENT for table `messages`
--
ALTER TABLE `messages`
  MODIFY `id` int(11) NOT NULL AUTO_INCREMENT, AUTO_INCREMENT=136;
--
-- AUTO_INCREMENT for table `topic`
--
ALTER TABLE `topic`
  MODIFY `id` int(11) NOT NULL AUTO_INCREMENT, AUTO_INCREMENT=12;
--
-- AUTO_INCREMENT for table `utilisateurs`
--
ALTER TABLE `utilisateurs`
  MODIFY `id` int(11) NOT NULL AUTO_INCREMENT, AUTO_INCREMENT=11;
--
-- AUTO_INCREMENT for table `vues`
--
ALTER TABLE `vues`
  MODIFY `id` int(11) NOT NULL AUTO_INCREMENT, AUTO_INCREMENT=1292;
/*!40101 SET CHARACTER_SET_CLIENT=@OLD_CHARACTER_SET_CLIENT */;
/*!40101 SET CHARACTER_SET_RESULTS=@OLD_CHARACTER_SET_RESULTS */;
/*!40101 SET COLLATION_CONNECTION=@OLD_COLLATION_CONNECTION */;
